Autor 1,Titulo 1
Autor 2,Titulo 2
Autor 3,Titulo 3
Autor 4,Titulo 4
Autor 5,Titulo 5
Autor 6,Titulo 6
Autor 7,Titulo 7
Autor 8,Titulo 8
Autor 9,Titulo 9
Autor 10,Titulo 10
Autor 11,Titulo 11
Autor 12,Titulo 12
Autor 13,Titulo 13
Autor 14,Titulo 14
Autor 15,Titulo 15
Autor 16,Titulo 16
Autor 17,Titulo 17
Autor 18,Titulo 18
Autor 19,Titulo 19
Autor 20,Titulo 20
Autor 21,Titulo 21
Autor 22,Titulo 22
Autor 23,Titulo 23
Autor 24,Titulo 24
Autor 25,Titulo 25
Autor 26,Titulo 26
Autor 27,Titulo 27
Autor 28,Titulo 28
Autor 29,Titulo 29
Autor 30,Titulo 30
Autor 31,Titulo 31
Autor 32,Titulo 32
Autor 33,Titulo 33
Autor 34,Titulo 34
Autor 35,Titulo 35
Autor 36,Titulo 36
Autor 37,Titulo 37
Autor 38,Titulo 38
Autor 39,Titulo 39
Autor 40,Titulo 40
Autor 41,Titulo 41
Autor 42,Titulo 42
Autor 43,Titulo 43
Autor 44,Titulo 44
Autor 45,Titulo 45
Autor 46,Titulo 46
Autor 47,Titulo 47
Autor 48,Titulo 48
Autor 49,Titulo 49
Autor 50,Titulo 50
Autor 51,Titulo 51
Autor 52,Titulo 52
Autor 53,Titulo 53
Autor 54,Titulo 54
Autor 55,Titulo 55
Autor 56,Titulo 56
Autor 57,Titulo 57
Autor 58,Titulo 58
Autor 59,Titulo 59
Autor 60,Titulo 60
Autor 61,Titulo 61
Autor 62,Titulo 62
Autor 63,Titulo 63
Autor 64,Titulo 64
Autor 65,Titulo 65
Autor 66,Titulo 66
Autor 67,Titulo 67
Autor 68,Titulo 68
Autor 69,Titulo 69
Autor 70,Titulo 70
Autor 71,Titulo 71
Autor 72,Titulo 72
Autor 73,Titulo 73
Autor 74,Titulo 74
Autor 75,Titulo 75
Autor 76,Titulo 76
Autor 77,Titulo 77
Autor 78,Titulo 78
Autor 79,Titulo 79
Autor 80,Titulo 80
Autor 81,Titulo 81
Autor 82,Titulo 82
Autor 83,Titulo 83
Autor 84,Titulo 84
Autor 85,Titulo 85
Autor 86,Titulo 86
Autor 87,Titulo 87
Autor 88,Titulo 88
Autor 89,Titulo 89
Autor 90,Titulo 90
Autor 91,Titulo 91
Autor 92,Titulo 92
Autor 93,Titulo 93
Autor 94,Titulo 94
Autor 95,Titulo 95
Autor 96,Titulo 96
Autor 97,Titulo 97
Autor 98,Titulo 98
Autor 99,Titulo 99
Autor 100,Titulo 100